,NSTRT,ESTRT,REPORT_NO,TYPE,INJA,INJB,INJC,INJK,DIST,DIR,PRI,U1ACT,TCD,SURF,LITE,AC_DATE,AC_TIME,DIRU1,DIRU2,YEAR,INTRSECT,ID,intersection,lat_long
0,WYLIE DR,MARKET ST,20021878,2,0,2,0,0,0,,N,1,3,1,1,8/30/2002,1:03 AM,S,E,2002,,776,intersection of WYLIE DR and MARKET ST,"[40.4862913, -89.0368676]"
1,CLINTON ST WEST,OAKLAND AVE,20021871,2,1,0,0,0,0,,N,3,3,1,1,8/29/2002,6:48 PM,SE,SE,2002,,268,intersection of CLINTON ST WEST and OAKLAND AVE,"[40.474071, -88.9842852]"
2,MCLEAN ST,FRONT ST,20021683,2,0,1,0,0,0,,N,3,1,9,1,8/7/2002,8:30 AM,E,W,2002,,234,intersection of MCLEAN ST and FRONT ST,"[40.4788046, -88.9885113]"
3,MAIN ST,MILLER ST,20021667,2,0,1,0,0,0,,N,99,2,9,1,8/4/2002,6:32 PM,S,NE,2002,,1495,intersection of MAIN ST and MILLER ST,"[40.4695626, -88.9932082]"
4,MASON ST,MARKET ST,20021639,2,0,0,1,0,0,,N,3,1,1,1,7/30/2002,7:56 PM,S,W,2002,,214,intersection of MASON ST and MARKET ST,"[40.4822339, -89.0000671]"
5,ALLIN ST,MONROE ST,20021584,2,0,0,0,0,0,,N,15,2,1,1,7/25/2002,5:30 PM,W,S,2002,,1004,intersection of ALLIN ST and MONROE ST,"[40.4811251, -89.00191749999999]"
6,CAROLINE ST,MARKET ST,20021580,2,0,1,0,0,125,S,N,20,1,1,1,7/24/2002,6:25 PM,N,E,2002,,839,intersection of CAROLINE ST and MARKET ST,"[40.4834289, -89.0180183]"
7,CENTER ST,CHESTNUT ST,20020222,2,0,1,0,0,100,W,N,1,1,2,3,1/30/2002,4:56 PM,W,N,2002,,766,intersection of CENTER ST and CHESTNUT ST,"[40.4856173, -88.99487599999999]"
8,PROSPECT RD,EASTLAND DR,20020077,2,0,0,0,0,0,,N,99,2,1,1,1/9/2002,5:00 PM,E,S,2002,,535,intersection of PROSPECT RD and EASTLAND DR,"[40.4840903, -88.9494404]"
9,CENTER ST,EMPIRE ST,20022269,2,0,0,1,0,0,,N,1,3,1,1,10/22/2002,12:00 PM,S,E,2002,Y,750,intersection of CENTER ST and EMPIRE ST,"[40.4881407, -88.99497629999999]"
10,REGENCY DR,OAKLAND AVE,20022293,2,0,0,0,0,0,,N,1,3,1,1,10/25/2002,1:45 PM,N,W,2002,Y,272,intersection of REGENCY DR and OAKLAND AVE,"[40.473662, -88.9572606]"
11,ERICKSON AVE,INDIANA AVE,20022181,2,1,0,0,0,100,,N,23,1,1,1,10/10/2002,4:44 PM,E,S,2002,N,913,intersection of ERICKSON AVE and INDIANA AVE,"[40.4737008, -89.0186997]"
12,CLINTON ST,CHESTNUT ST,20030571,2,0,1,0,0,100,S,Y,23,1,1,1,3/14/2003,3:58 PM,N,W,2003,N,677,intersection of CLINTON ST and CHESTNUT ST,"[40.4858126, -88.9847606]"
13,SOUTHGATE ESTATES TRAILER,TRAILER COURT,20030791,2,0,1,0,0,30,E,Y,1,1,1,1,4/19/2003,1:30 PM,N,E,2003,N,1631,intersection of SOUTHGATE ESTATES TRAILER and TRAILER COURT,"[40.6331249, -89.3985283]"
14,LANGS ALLEY,OAKLAND AVE,20031050,2,0,0,0,0,0,,N,24,1,1,5,5/21/2003,8:30 PM,NW,W,2003,Y,1056,intersection of LANGS ALLEY and OAKLAND AVE,"[40.6331249, -89.3985283]"
15,HERSHEY RD,RAINBOW AVE,20031177,2,0,0,0,0,200,N,Y,1,1,1,1,6/5/2003,3:00 PM,N,W,2003,N,318,intersection of HERSHEY RD and RAINBOW AVE,"[40.4994594, -88.9386358]"
16,MOBILE LAND,TRAILER COURT,20031354,2,1,0,0,0,0,,Y,23,1,1,3,7/2/2003,9:15 PM,N,N,2003,N,984,intersection of MOBILE LAND and TRAILER COURT,"[40.6331249, -89.3985283]"
17,MAIN ST,BEECHER ST,20031466,2,0,0,0,0,100,N,Y,20,1,1,1,7/18/2003,4:25 PM,W,S,2003,N,191,intersection of MAIN ST and BEECHER ST,"[40.6331249, -89.3985283]"
18,CENTER ST,WOOD ST,20031469,2,0,0,0,0,5,N,Y,1,1,1,5,7/18/2003,8:21 PM,S,W,2003,N,1467,intersection of CENTER ST and WOOD ST,"[40.4714112, -88.99421989999999]"
19,CLAYTON ST,OAKLAND AVE,20031593,2,0,0,1,0,0,,N,15,2,1,1,8/3/2003,1:57 PM,N,E,2003,Y,269,intersection of CLAYTON ST and OAKLAND AVE,"[40.47396579999999, -88.9856516]"
20,MAIN ST,MACARTHUR AVE,20031890,2,0,0,1,0,0,,N,1,2,1,1,9/12/2003,12:55 PM,E,S,2003,Y,1451,intersection of MAIN ST and MACARTHUR AVE,"[40.47297289999999, -88.9933398]"
21,MADISON ST,LOCUST ST,20032067,2,0,0,0,0,0,,N,1,1,1,1,10/2/2003,5:15 PM,N,W,2003,Y,197,intersection of MADISON ST and LOCUST ST,"[40.4845263, -88.99481279999999]"
22,MCLEAN ST,LOCUST ST,20032409,2,0,0,0,0,0,,N,1,2,1,5,11/19/2003,7:15 PM,S,W,2003,Y,177,intersection of MCLEAN ST and LOCUST ST,"[40.4846299, -88.9887066]"
23,MORRIS AVE,MARKET ST EAST,20032434,2,0,1,0,0,0,,N,1,3,1,5,11/21/2003,8:43 PM,N,E,2003,Y,1000,intersection of MORRIS AVE and MARKET ST EAST,"[40.4821342, -89.0061266]"
24,VETERANS PKWY,WASHINGTON ST,20040591,2,1,0,0,0,0,,N,1,3,2,5,3/14/2004,4:41 AM,W,N,2004,Y,142,intersection of VETERANS PKWY and WASHINGTON ST,"[40.4799739, -88.952772]"
25,GRANDVIEW ESTS TRAILER CT,TRAILER COURT,20041217,2,0,1,0,0,50,E,Y,23,1,1,1,6/6/2004,8:01 PM,N,S,2004,N,991,intersection of GRANDVIEW ESTS TRAILER CT and TRAILER COURT,"[40.6331249, -89.3985283]"
26,ALLIN ST,OAKLAND AVE,20041234,2,1,0,0,0,0,,N,1,2,2,1,6/10/2004,9:05 AM,N,W,2004,Y,227,intersection of ALLIN ST and OAKLAND AVE,"[40.4734992, -89.0019236]"
27,MAIN ST,LAFAYETTE ST,20041420,2,0,0,0,0,0,,N,1,2,1,1,7/5/2004,6:40 PM,S,E,2004,Y,1567,intersection of MAIN ST and LAFAYETTE ST,"[40.4632235, -88.9929458]"
28,RYAN DR,CLOUD ST,20041422,2,0,1,0,0,0,,N,1,2,1,1,7/7/2004,8:15 AM,N,E,2004,Y,1349,intersection of RYAN DR and CLOUD ST,"[40.47105639999999, -88.96907159999999]"
29,WILLIAMSBURG DR,WASHINGTON ST,20041467,2,0,0,0,0,0,,N,1,2,1,1,7/12/2004,7:00 AM,S,E,2004,Y,388,intersection of WILLIAMSBURG DR and WASHINGTON ST,"[40.4799265, -88.94624859999999]"
30,OAK ST,MARKET ST,20041494,2,0,1,0,0,0,,N,1,2,1,1,7/15/2004,5:27 PM,W,S,2004,Y,1080,intersection of OAK ST and MARKET ST,"[40.4822658, -88.99864240000001]"
31,MAIN ST,MACARTHUR AVE,20041553,2,1,0,0,0,0,,N,3,2,1,1,7/23/2004,6:40 AM,N,W,2004,Y,1451,intersection of MAIN ST and MACARTHUR AVE,"[40.47297289999999, -88.9933398]"
32,ERICKSON AVE,ILLINOIS AVE,20041596,2,1,0,0,0,1320,W,N,23,1,1,1,7/25/2004,6:45 PM,N,E,2004,N,903,intersection of ERICKSON AVE and ILLINOIS AVE,"[40.4753404, -89.01881689999999]"
33,ALLIN ST,WOOD ST,20041637,2,1,0,0,0,0,,N,99,2,1,1,8/4/2004,6:30 PM,S,W,2004,Y,1460,intersection of ALLIN ST and WOOD ST,"[40.4711807, -89.00184139999999]"
34,LIVINGSTON ST,TOKIO ST,20041826,2,0,1,0,0,0,,N,4,1,1,1,8/30/2004,9:30 AM,SW,E,2004,Y,942,intersection of LIVINGSTON ST and TOKIO ST,"[40.4662028, -89.00967039999999]"
35,LEE ST,CHESTNUT ST,20041876,2,0,0,1,0,100,E,N,99,1,1,4,9/4/2004,8:15 PM,E,E,2004,N,769,intersection of LEE ST and CHESTNUT ST,"[40.4855581, -88.99773359999999]"
36,ALEXANDER RD,BUTCHERS LN,20041878,2,1,0,0,0,0,,N,1,2,1,3,9/5/2004,7:10 PM,W,N,2004,Y,939,intersection of ALEXANDER RD and BUTCHERS LN,"[40.4660637, -89.0207272]"
37,R T DUNN DR,LAFAYETTE ST,20041943,2,0,0,0,0,0,,N,1,12,1,4,9/16/2004,11:07 PM,E,W,2004,Y,1828,intersection of R T DUNN DR and LAFAYETTE ST,"[40.4632814, -88.98830679999999]"
38,ROOSEVELT AVE,GRAHAM ST,20042024,2,0,0,1,0,0,,N,7,2,1,4,9/27/2004,8:38 PM,E,N,2004,Y,738,intersection of ROOSEVELT AVE and GRAHAM ST,"[40.4893029, -88.99693099999999]"
39,EAST ST,OLIVE ST,20042560,2,0,0,0,0,60,W,N,1,1,1,5,12/3/2004,11:38 PM,E,N,2004,N,1126,intersection of EAST ST and OLIVE ST,"[40.4770829, -88.9932098]"
40,MORRISSEY DR,VETERANS PKWY,20050756,2,0,0,0,0,0,,N,1,3,1,1,4/6/2005,7:00 AM,W,N,2005,Y,97,intersection of MORRISSEY DR and VETERANS PKWY,"[40.6331249, -89.3985283]"
41,REGENCY DR,WASHINGTON ST,20050961,2,0,1,0,0,0,,N,4,3,1,5,5/10/2005,8:31 PM,S,E,2005,Y,1240,intersection of REGENCY DR and WASHINGTON ST,"[40.4800855, -88.95935039999999]"
42,VETERANS PKWY,JUMER DR,20050973,2,0,1,0,0,500,E,Y,99,1,9,4,5/11/2005,10:34 AM,SW,NW,2005,N,19,intersection of VETERANS PKWY and JUMER DR,"[40.5063958, -88.9530992]"
43,LEE ST,JACKSON ST,20051245,2,0,0,0,0,0,,N,1,2,1,1,6/21/2005,3:00 PM,E,N,2005,Y,1148,intersection of LEE ST and JACKSON ST,"[40.4751706, -88.99723709999999]"
44,MORRIS AVE,GROVE ST,20051286,2,0,0,0,0,400,E,Y,99,1,1,1,6/13/2005,1:00 PM,N,N,2005,N,1019,intersection of MORRIS AVE and GROVE ST,"[40.477619, -89.0065247]"
45,WESTERN AVE,MACARTHUR AVE,20051322,2,1,0,0,0,0,,N,1,2,1,4,7/1/2005,9:15 PM,N,E,2005,Y,917,intersection of WESTERN AVE and MACARTHUR AVE,"[40.4726263, -89.0082597]"
46,CLINTON ST,OAKLAND AVE,20051631,2,0,0,0,0,0,,N,1,3,2,1,8/12/2005,3:41 PM,E,N,2005,Y,267,intersection of CLINTON ST and OAKLAND AVE,"[40.474071, -88.9842852]"
47,PRAIRIE ST,DOUGLAS ST,20051705,2,0,1,0,0,0,,N,1,2,1,1,8/24/2005,6:50 AM,E,N,2005,Y,1069,intersection of PRAIRIE ST and DOUGLAS ST,"[40.482921, -88.9909721]"
48,OAK ST,BISSELL ST,20051780,2,0,0,0,0,150,S,N,1,1,1,1,9/2/2005,4:50 PM,E,S,2005,N,1514,intersection of OAK ST and BISSELL ST,"[40.4674064, -88.99773979999999]"
49,VETERANS PKWY,EASTLAND DR,20051848,2,0,0,1,0,0,,N,4,3,1,1,9/14/2005,12:01 PM,E,W,2005,Y,137,intersection of VETERANS PKWY and EASTLAND DR,"[40.4840057, -88.95285489999999]"
50,NORTH POINTE DR,COLLEGE AVE,20052075,2,0,0,0,0,0,,N,1,2,1,1,10/14/2005,8:11 AM,E,S,2005,Y,38,intersection of NORTH POINTE DR and COLLEGE AVE,"[40.5103871, -88.9379087]"
51,HERSHEY RD,OAKLAND AVE,20052137,2,0,0,0,0,0,,N,1,3,1,1,10/22/2005,4:35 PM,W,N,2005,Y,469,intersection of HERSHEY RD and OAKLAND AVE,"[40.4732517, -88.94308219999999]"
52,DENVER ST,JACKSON ST SOUTH,20052185,2,0,0,1,0,0,,N,7,2,1,5,10/28/1958,6:03 AM,E,N,2005,Y,261,intersection of DENVER ST and JACKSON ST SOUTH,"[40.4753686, -88.9779764]"
53,CLINTON ST,WASHINGTON ST,20060360,2,0,0,0,0,0,,N,1,3,1,1,2/28/2006,5:00 PM,S,NW,2006,Y,1184,intersection of CLINTON ST and WASHINGTON ST,"[40.4797644, -88.9845957]"
54,OAK ST,WASHINGTON ST,20060758,2,0,0,0,0,0,,N,25,1,1,1,4/20/2006,7:00 PM,S,W,2006,Y,1099,intersection of OAK ST and WASHINGTON ST,"[40.4794708, -88.9985224]"
55,HOWARD AVE,JEFFERSON ST,20060771,2,0,1,0,0,0,,N,1,1,1,1,4/22/2006,7:08 PM,E,E,2006,Y,1006,intersection of HOWARD AVE and JEFFERSON ST,"[40.480225, -89.004718]"
56,MAIN ST,R T DUNN DR,20061007,2,0,0,0,0,0,,N,4,3,1,1,5/22/2006,5:45 PM,E,S,2006,Y,1578,intersection of MAIN ST and R T DUNN DR,"[40.4602899, -88.9930053]"
57,MASON ST WEST,MONROE ST,20061279,2,1,0,0,0,200,W,N,12,1,1,4,7/5/2006,10:08 PM,E,W,2006,N,215,intersection of MASON ST WEST and MONROE ST,"[40.4811628, -89.00000539999999]"
58,ROBINSON ST,LOCUST ST,20061426,2,0,0,0,0,0,,N,1,2,1,1,7/22/2006,7:20 PM,S,E,2006,Y,164,intersection of ROBINSON ST and LOCUST ST,"[40.4847694, -88.9824295]"
59,MORRIS AVE,TAYLOR ST,20061492,2,0,1,1,0,60,E,N,25,1,1,1,7/28/2006,6:03 PM,NE,W,2006,N,1031,intersection of MORRIS AVE and TAYLOR ST,"[40.4757789, -89.0064842]"
60,MAIN ST,WOOD ST,20061543,2,0,0,0,0,0,,N,1,3,1,1,8/4/2006,1:15 PM,N,W,2006,N,1468,intersection of MAIN ST and WOOD ST,"[40.4714235, -88.9932853]"
61,MASON ST,LOCUST ST,20062311,2,1,0,0,0,0,,N,1,12,1,1,11/5/2006,4:16 PM,W,S,2006,Y,201,intersection of MASON ST and LOCUST ST,"[40.48441880000001, -89.0001556]"
62,MORRIS AVE,OAKLAND AVE,20062448,2,1,0,0,0,0,,N,1,2,2,1,11/14/2006,4:15 PM,E,N,2006,Y,211,intersection of MORRIS AVE and OAKLAND AVE,"[40.4734298, -89.0064463]"
63,MAIN ST,STEWART ST,20062599,2,0,0,0,0,0,,N,20,1,1,3,10/22/2006,6:00 PM,W,S,2006,Y,1553,intersection of MAIN ST and STEWART ST,"[40.4648825, -88.99301969999999]"
64,BROWN ST,MARKET ST,20070847,2,0,0,1,0,100,W,Y,14,1,1,1,4/22/2007,4:01 PM,W,N,2007,N,841,intersection of BROWN ST and MARKET ST,"[40.4831575, -89.01594870000001]"
65,MADISON ST,WASHINGTON ST,20071034,2,0,0,0,0,100,S,N,25,99,9,1,5/8/2007,4:25 PM,W,N,2007,N,1102,intersection of MADISON ST and WASHINGTON ST,"[40.5651538, -88.8974418]"
66,BUNN ST,OAKLAND AVE,20071114,2,0,0,1,0,0,,N,1,3,1,1,5/25/2007,5:57 PM,W,N,2007,Y,265,intersection of BUNN ST and OAKLAND AVE,"[40.4741011, -88.98195849999999]"
67,FELL AVE,EMERSON ST,20071282,2,0,1,0,0,0,,N,9,2,1,1,6/20/2007,7:00 AM,N,W,2007,Y,175,intersection of FELL AVE and EMERSON ST,"[40.4931135, -88.98668409999999]"
68,FAIRWAY DR,EMPIRE FRONTAGE RD NORTH,20071483,2,0,1,0,0,0,,N,4,2,9,1,7/16/2007,7:45 AM,S,S,2007,Y,622,intersection of FAIRWAY DR and EMPIRE FRONTAGE RD NORTH,"[40.6331249, -89.3985283]"
69,COMMERCE PKWY,VETERANS PKWY,20071537,2,0,0,0,1,0,,N,1,3,1,1,7/24/2007,7:20 AM,N,W,2007,Y,96,intersection of COMMERCE PKWY and VETERANS PKWY,"[40.6331249, -89.3985283]"
70,SADDLEBROOK DR,SABLE OAKS RD,20071701,2,0,1,0,0,0,,N,8,4,1,1,8/11/2007,4:53 PM,E,N,2007,Y,2119,intersection of SADDLEBROOK DR and SABLE OAKS RD,"[40.6331249, -89.3985283]"
71,STATE FARM PLZ,WASHINGTON AVE,20071730,2,0,0,0,0,0,,N,4,3,1,1,8/17/2007,3:38 PM,E,SE,2007,Y,2005,intersection of STATE FARM PLZ and WASHINGTON AVE,"[40.4799816, -88.9543958]"
72,MAIN ST,SOUTHGATE TRAILER PARK,20071839,2,0,0,0,0,75,N,Y,1,1,1,5,8/29/2007,10:25 AM,N,N,2007,N,1599,intersection of MAIN ST and SOUTHGATE TRAILER PARK,"[40.6331249, -89.3985283]"
73,EAST ST,JEFFERSON ST,20072020,2,0,0,1,0,0,,N,4,3,1,1,9/27/2007,9:24 AM,W,S,2007,Y,1092,intersection of EAST ST and JEFFERSON ST,"[40.4804502, -88.99268959999999]"
74,LEE ST,SEMINARY AVE,20072052,2,0,0,0,0,0,,N,1,2,1,1,9/19/2007,4:57 PM,W,N,2007,Y,726,intersection of LEE ST and SEMINARY AVE,"[40.4922244, -88.9979603]"
75,MAIN ST,VETERANS PKWY,20072129,2,0,0,1,0,0,,N,1,3,1,1,10/13/2007,12:21 PM,N,E,2007,Y,88,intersection of MAIN ST and VETERANS PKWY,"[40.6331249, -89.3985283]"
76,MCCLUN ST,OAKLAND AVE,20080870,2,0,0,0,0,0,,N,3,2,1,1,4/11/2008,3:55 PM,S,E,2008,Y,264,intersection of MCCLUN ST and OAKLAND AVE,"[40.6331249, -89.3985283]"
77,LEE ST,MULBERRY ST,20080980,2,0,0,1,0,0,,N,1,2,2,1,5/2/2008,10:11 AM,W,S,2008,Y,1059,intersection of LEE ST and MULBERRY ST,"[40.4833794, -88.9976344]"
78,ALLIN ST,MONROE ST,20081060,2,0,1,0,0,0,,N,7,2,1,1,5/18/2008,6:51 PM,W,S,2008,Y,1004,intersection of ALLIN ST and MONROE ST,"[40.4811251, -89.00191749999999]"
79,MCCLUN ST,OAKLAND AVE,20081094,2,0,0,0,0,0,,N,9,2,9,1,5/20/2008,6:00 PM,S,W,2008,Y,264,intersection of MCCLUN ST and OAKLAND AVE,"[40.6331249, -89.3985283]"
80,HERSHEY RD,OAKLAND AVE,20081365,2,0,1,0,0,0,,N,5,3,1,1,7/1/2008,3:16 PM,N,W,2008,Y,469,intersection of HERSHEY RD and OAKLAND AVE,"[40.4732517, -88.94308219999999]"
81,COLTON AVE,EMERSON ST,20081490,2,0,0,0,0,0,,N,1,2,1,1,7/22/2008,7:13 PM,W,N,2008,Y,656,intersection of COLTON AVE and EMERSON ST,"[40.493241, -88.9778446]"
82,MERCER AVE,LINCOLN ST,20081552,2,0,0,0,0,100,E,N,12,2,1,1,7/30/2008,5:36 PM,SW,N,2008,N,1390,intersection of MERCER AVE and LINCOLN ST,"[40.6331249, -89.3985283]"
83,MAIN ST,EMPIRE ST,20081573,2,0,1,0,0,0,,N,25,13,1,1,8/1/2008,1:00 PM,W,N,2008,Y,183,intersection of MAIN ST and EMPIRE ST,"[40.4881458, -88.9940067]"
84,BUNN ST,BAKER ST,20081799,2,0,1,0,0,0,,N,3,1,1,1,9/2/2008,7:58 AM,S,S,2008,Y,1548,intersection of BUNN ST and BAKER ST,"[40.4658728, -88.981758]"
85,AIRPORT RD,WISTERIA LN,20081821,2,1,0,0,0,150,E,N,25,1,1,1,9/6/2008,10:56 AM,S,W,2008,N,127,intersection of AIRPORT RD and WISTERIA LN,"[40.50727490000001, -88.92429829999999]"
86,LEE ST,LOCUST ST,20081846,2,0,0,0,0,0,,N,11,2,2,1,9/11/2008,11:35 AM,N,W,2008,Y,199,intersection of LEE ST and LOCUST ST,"[40.4844637, -88.9976867]"
87,MAIN ST,SEMINARY AVE,20081993,2,0,0,0,0,0,,N,25,2,1,1,10/1/2008,11:47 AM,S,E,2008,Y,192,intersection of MAIN ST and SEMINARY AVE,"[40.49229589999999, -88.9941408]"
88,MAIN ST,VETERANS PKWY SOUTH,20090321,2,0,0,1,0,0,,N,4,3,2,1,2/5/2009,12:43 PM,E,N,2009,Y,1592,intersection of MAIN ST and VETERANS PKWY SOUTH,"[40.6331249, -89.3985283]"
89,LEE ST,MARKET ST,20090579,2,0,0,0,0,0,,N,1,2,1,1,3/21/2009,5:50 PM,E,S,2009,Y,1079,intersection of LEE ST and MARKET ST,"[40.4822941, -88.9975807]"
90,ROBINSON ST,LOCUST ST,20090672,2,0,1,0,0,0,,N,99,2,1,1,4/9/2009,3:05 PM,N,W,2009,Y,164,intersection of ROBINSON ST and LOCUST ST,"[40.4847694, -88.9824295]"
91,OAK ST,WASHINGTON ST,20091018,2,0,1,0,0,0,,N,1,2,1,1,6/6/2009,4:03 PM,N,E,2009,Y,1099,intersection of OAK ST and WASHINGTON ST,"[40.4794708, -88.9985224]"
92,EVANS ST,LOCUST ST,20091154,2,0,0,2,0,0,N,N,11,2,1,1,6/29/2009,5:33 PM,N,W,2009,Y,166,intersection of EVANS ST and LOCUST ST,"[40.4846605, -88.98722839999999]"
93,BROWN ST,MARKET ST,20091187,2,0,0,0,1,65,S,Y,17,1,1,1,7/7/2009,1:55 PM,W,S,2009,N,841,intersection of BROWN ST and MARKET ST,"[40.4831575, -89.01594870000001]"
94,LIVINGSTON ST,JACKSON ST,20091273,2,0,0,0,0,150,E,N,15,1,1,1,7/21/2009,4:25 PM,W,W,2009,N,1038,intersection of LIVINGSTON ST and JACKSON ST,"[40.4749031, -89.00993299999999]"
95,MAIN ST,MARKET ST,20091274,2,0,0,0,0,20,W,Y,15,1,1,1,7/22/2009,5:19 PM,W,N,2009,Y,1075,intersection of MAIN ST and MARKET ST,"[40.4823675, -88.993725]"
96,CENTER ST,WASHINGTON ST,20091426,2,0,0,0,0,0,,N,1,99,1,1,8/18/2009,3:55 PM,S,S,2009,N,1103,intersection of CENTER ST and WASHINGTON ST,"[40.47956, -88.994592]"
97,EAST ST,LOCUST ST,20091457,2,0,0,0,0,0,,N,7,2,1,1,8/6/2009,7:39 PM,N,S,2009,Y,179,intersection of EAST ST and LOCUST ST,"[40.4845402, -88.9938482]"
98,MORRIS AVE,MARKET ST EAST,20091483,2,0,1,0,0,0,,N,25,3,1,1,8/29/2009,12:56 PM,E,N,2009,Y,1000,intersection of MORRIS AVE and MARKET ST EAST,"[40.4821342, -89.0061266]"
99,EAST ST,MARKET ST SOUTH,20091502,2,0,1,0,0,0,,N,4,2,1,1,8/29/2009,1:05 PM,W,S,2009,Y,1072,intersection of EAST ST and MARKET ST SOUTH,"[40.4820645, -88.99276479999999]"
100,ARLENE DR,LINCOLN ST,20100309,2,0,1,0,0,0,,N,20,1,1,2,2/2/2010,6:31 AM,NE,E,2010,Y,1386,intersection of ARLENE DR and LINCOLN ST,"[40.6331249, -89.3985283]"
101,ALLIN ST,TAYLOR ST,20100548,2,0,1,0,0,250,W,N,20,1,1,1,3/24/2010,12:47 PM,N,E,2010,N,1032,intersection of ALLIN ST and TAYLOR ST,"[40.4758476, -89.0019908]"
102,LEE ST,OLIVE ST,20100926,2,0,1,0,0,0,,N,1,2,1,1,5/29/2010,2:41 PM,W,S,2010,Y,1131,intersection of LEE ST and OLIVE ST,"[40.476987, -88.9973333]"
103,DENVER ST,OAKLAND AVE,20101233,2,0,1,0,0,0,,N,4,2,1,1,6/8/2010,6:30 PM,S,E,2010,Y,262,intersection of DENVER ST and OAKLAND AVE,"[40.4740281, -88.9779295]"
104,ALLIN ST,JEFFERSON ST,20101347,2,0,1,0,0,0,,N,1,1,1,1,7/29/2010,2:10 PM,W,N,2010,Y,1005,intersection of ALLIN ST and JEFFERSON ST,"[40.48027889999999, -89.00170609999999]"
105,ROOSEVELT AVE,MARKET ST,20101375,2,0,1,0,0,0,,N,1,2,1,1,8/12/2010,12:29 PM,N,E,2010,Y,1078,intersection of ROOSEVELT AVE and MARKET ST,"[40.482322, -88.99659059999999]"
106,BROWN ST,MARKET ST,20101524,2,0,1,0,0,200,S,N,20,12,1,1,9/3/2010,1:09 PM,W,S,2010,N,841,intersection of BROWN ST and MARKET ST,"[40.4831575, -89.01594870000001]"
107,CENTER ST,KELSEY ST,20101526,2,0,1,0,0,0,,N,9,2,1,1,9/3/2010,3:52 PM,E,N,2010,Y,719,intersection of CENTER ST and KELSEY ST,"[40.4942535, -88.9952362]"
108,COTTAGE AVE,MARTIN LUTHER KING DR,20101548,2,0,1,0,0,0,,N,1,1,1,1,8/31/2010,5:30 PM,N,N,2010,Y,105,intersection of COTTAGE AVE and MARTIN LUTHER KING DR,"[40.4984141, -89.0113336]"
109,LEE ST,GROVE ST,20101578,2,0,1,0,0,0,,N,1,2,1,1,9/12/2010,6:30 PM,E,S,2010,Y,1117,intersection of LEE ST and GROVE ST,"[40.4777792, -88.9973668]"
110,MAIN ST,LINCOLN ST,20101590,2,1,0,0,0,0,,N,4,2,1,1,9/15/2010,5:25 PM,W,S,2010,Y,1532,intersection of MAIN ST and LINCOLN ST,"[40.4664318, -88.9930718]"
111,MAIN ST,LOCUST ST,20101593,2,1,0,0,0,0,,N,1,3,1,1,9/15/2010,11:28 AM,W,NE,2010,Y,180,intersection of MAIN ST and LOCUST ST,"[40.5129217, -88.995139]"
112,ESSINGTON ST,LAUDERHILL LN,20101688,2,0,1,0,0,0,,N,25,1,1,1,9/30/2010,5:31 PM,E,S,2010,Y,2322,intersection of ESSINGTON ST and LAUDERHILL LN,"[40.6331249, -89.3985283]"
113,EAST ST,WASHINGTON ST,20101878,2,0,1,0,0,0,,N,1,1,1,2,11/4/2010,7:50 PM,E,N,2010,Y,1105,intersection of EAST ST and WASHINGTON ST,"[40.5650886, -88.8960122]"
114,MAIN ST,LOCUST ST,20110833,2,0,0,0,0,0,,N,4,3,1,1,5/17/2011,5:30 PM,W,S,2011,Y,180,intersection of MAIN ST and LOCUST ST,"[40.5129217, -88.995139]"
115,FOUR SEASONS RD,OAKLAND AVE,20110983,2,0,0,1,0,0,,N,1,3,1,1,6/16/2011,6:30 PM,E,S,2011,Y,271,intersection of FOUR SEASONS RD and OAKLAND AVE,"[40.473668, -88.9554175]"
116,AIRPORT RD,GENERAL ELECTRIC RD,20111037,2,0,1,0,0,0,,N,25,3,1,1,6/27/2011,10:40 AM,W,S,2011,Y,129,intersection of AIRPORT RD and GENERAL ELECTRIC RD,"[40.50268070000001, -88.9241915]"
117,CLINTON ST,WASHINGTON ST,20111191,2,0,1,0,0,100,E,N,20,1,1,1,7/22/2021,12:56 PM,N,W,2011,N,1184,intersection of CLINTON ST and WASHINGTON ST,"[40.4797644, -88.9845957]"
118,AIRPORT RD,GENERAL ELECTRIC RD,20111266,2,0,0,1,0,0,,N,25,3,2,1,8/5/2011,7:25 AM,S,W,2011,Y,129,intersection of AIRPORT RD and GENERAL ELECTRIC RD,"[40.50268070000001, -88.9241915]"
119,BROAD CREEK RD,GENERAL ELECTRIC RD,20111309,2,0,0,0,0,0,,N,4,1,1,1,8/12/2011,3:30 PM,S,W,2011,Y,2055,intersection of BROAD CREEK RD and GENERAL ELECTRIC RD,"[40.5026344, -88.9139465]"
120,CAROLINE ST,MARKET ST,20111368,2,1,0,0,0,100,W,N,12,1,1,1,8/21/2011,10:31 AM,E,SW,2011,N,839,intersection of CAROLINE ST and MARKET ST,"[40.4834289, -89.0180183]"
121,MORRIS AVE,MARKET ST WEST,20111666,2,0,1,0,0,0,,N,4,1,2,3,10/19/2011,5:00 PM,N,W,2011,Y,851,intersection of MORRIS AVE and MARKET ST WEST,"[40.4821342, -89.0061266]"
122,AIRPORT RD,GENERAL ELECTRIC RD,20120341,2,0,0,1,0,0,,N,1,3,1,1,3/2/2012,12:47 PM,S,W,2012,Y,129,intersection of AIRPORT RD and GENERAL ELECTRIC RD,"[40.50268070000001, -88.9241915]"
123,MCCLUN ST,GROVE ST,20120698,2,0,0,0,0,0,,N,11,2,1,1,5/12/2012,3:00 PM,S,E,2012,Y,1192,intersection of MCCLUN ST and GROVE ST,"[40.6331249, -89.3985283]"
124,BUNN ST,CROXTON AVE,20120750,2,0,1,0,0,0,,N,1,2,1,1,5/23/2012,5:47 PM,W,N,2012,Y,1501,intersection of BUNN ST and CROXTON AVE,"[40.4689832, -88.9818468]"
125,MAIN ST,CHESTNUT ST,20120884,2,0,0,0,0,0,,N,1,2,1,1,6/12/2012,5:05 PM,E,S,2012,Y,181,intersection of MAIN ST and CHESTNUT ST,"[40.4856354, -88.9939141]"
126,BROWN ST,MARKET ST,20120895,2,0,1,0,0,0,,N,9,3,1,1,6/16/2012,11:17 AM,NE,W,2012,Y,841,intersection of BROWN ST and MARKET ST,"[40.4831575, -89.01594870000001]"
127,COUNTRY LN,OAKLAND AVE,20121009,2,1,0,0,0,12,S,N,7,2,1,1,7/10/2012,7:14 AM,N,W,2012,Y,428,intersection of COUNTRY LN and OAKLAND AVE,"[40.47333099999999, -88.9457585]"
128,CLINTON ST,WASHINGTON ST,20121189,2,0,1,0,0,0,,N,4,3,1,1,8/7/2012,12:16 PM,W,S,2012,Y,1184,intersection of CLINTON ST and WASHINGTON ST,"[40.4797644, -88.9845957]"
129,CLINTON ST,MARKET ST,20121334,2,0,1,0,0,0,,N,1,1,1,1,8/31/2012,5:25 PM,S,S,2012,N,1173,intersection of CLINTON ST and MARKET ST,"[40.4822303, -88.9846689]"
130,EVANS ST,WASHINGTON ST,20121491,2,1,0,0,0,0,,N,1,1,1,5,9/25/2012,9:55 PM,S,E,2012,Y,1186,intersection of EVANS ST and WASHINGTON ST,"[40.4797129, -88.9870869]"
131,MAIN ST,SEMINARY AVE,20121654,2,0,1,0,0,0,,N,1,2,1,1,10/18/2012,11:59 AM,E,N,2012,Y,192,intersection of MAIN ST and SEMINARY AVE,"[40.49229589999999, -88.9941408]"
132,MASON ST,FRONT ST,20122045,2,1,0,0,0,0,,N,1,2,1,4,12/27/2012,7:30 PM,W,SE,2012,Y,219,intersection of MASON ST and FRONT ST,"[40.4786081, -88.9995325]"
133,MORRIS AVE,VETERANS PKWY,20130016,2,0,0,0,0,0,,N,99,1,1,1,1/2/2013,5:30 PM,W,W,2013,Y,78,intersection of MORRIS AVE and VETERANS PKWY,"[40.4579093, -89.00604709999999]"
134,VETERANS PKWY,EASTLAND DR,20130265,2,0,0,0,0,0,,N,1,2,1,2,2/8/2013,6:30 PM,N,N,2013,Y,137,intersection of VETERANS PKWY and EASTLAND DR,"[40.4840057, -88.95285489999999]"
135,VETERANS PKWY,EMPIRE ST,20130682,2,0,0,0,0,0,,N,1,1,1,2,4/18/2013,5:50 PM,SE,SE,2013,Y,135,intersection of VETERANS PKWY and EMPIRE ST,"[40.4881228, -88.9529366]"
136,SUSAN DR,COLLEGE AVE,20130719,2,0,0,0,0,250,W,N,1,2,1,2,4/27/2013,3:40 PM,SE,SE,2013,N,1946,intersection of SUSAN DR and COLLEGE AVE,"[40.5103825, -88.94938409999999]"
137,PRAIRIE ST,CHESTNUT ST,20130753,2,0,0,0,0,0,,N,1,2,2,1,5/4/2013,4:00 PM,NE,SE,2013,Y,712,intersection of PRAIRIE ST and CHESTNUT ST,"[40.4856996, -88.9910891]"
138,PRAIRIE ST,CHESTNUT ST,20130754,2,0,0,0,0,0,,N,1,2,2,1,5/4/2013,4:00 PM,NE,SE,2013,Y,712,intersection of PRAIRIE ST and CHESTNUT ST,"[40.4856996, -88.9910891]"
139,VETERANS PKWY,IRELAND GROVE RD,20130816,2,0,0,0,0,0,,N,1,1,2,1,5/14/2013,5:15 PM,N,N,2013,Y,102,intersection of VETERANS PKWY and IRELAND GROVE RD,"[40.6331249, -89.3985283]"
140,BRICKYARD DR,VETERANS PKWY,20130819,2,0,0,0,0,0,,N,1,2,2,1,5/16/2013,5:20 PM,N,N,2013,Y,98,intersection of BRICKYARD DR and VETERANS PKWY,"[40.6331249, -89.3985283]"
141,LEE ST,EMERSON ST,20130823,2,0,0,1,0,0,,N,1,2,1,1,5/18/2013,2:53 PM,N,E,2013,Y,722,intersection of LEE ST and EMERSON ST,"[40.49321459999999, -88.99796889999999]"
142,MCLEAN ST,LOCUST ST,20130893,2,0,0,1,0,0,,N,9,2,2,1,5/29/2013,10:00 AM,N,W,2013,Y,177,intersection of MCLEAN ST and LOCUST ST,"[40.4846299, -88.9887066]"
143,ELDORADO RD,OAKLAND AVE,20130941,2,1,0,0,0,0,,N,9,2,1,1,6/7/2013,7:48 AM,N,W,2013,Y,425,intersection of ELDORADO RD and OAKLAND AVE,"[40.4735581, -88.95155849999999]"
144,ST JOSEPH DR,WASHINGTON ST,20131363,2,0,0,0,0,0,,Y,4,3,1,1,8/20/2013,3:00 PM,N,W,2013,Y,1238,intersection of ST JOSEPH DR and WASHINGTON ST,"[40.4801388, -88.9544013]"
145,CLINTON ST,MONROE ST,20131385,2,0,1,0,0,0,N,N,1,2,1,1,8/12/2013,2:43 PM,W,S,2013,Y,1176,intersection of CLINTON ST and MONROE ST,"[40.48144, -88.9846415]"
146,MORRISSEY DR,VETERANS PKWY,20131406,2,0,0,0,0,0,,N,1,2,1,1,8/27/2013,3:40 PM,S,S,2013,Y,97,intersection of MORRISSEY DR and VETERANS PKWY,"[40.6331249, -89.3985283]"
147,STORTZ DR,EMPIRE ST,20131408,2,1,0,0,0,200,S,N,1,1,1,1,8/27/2013,11:55 AM,W,SW,2013,N,637,intersection of STORTZ DR and EMPIRE ST,"[40.4883683, -88.9718764]"
148,JULIE DR,LINCOLN ST,20131442,2,0,1,0,0,0,,N,1,2,1,1,8/23/2013,3:40 PM,W,N,2013,Y,1525,intersection of JULIE DR and LINCOLN ST,"[40.4667492, -88.98270389999999]"
149,LINDEN ST,WALNUT ST,20131633,2,0,1,0,0,100,W,N,16,1,1,1,10/3/2013,5:00 PM,N,W,2013,N,673,intersection of LINDEN ST and WALNUT ST,"[40.48709119999999, -88.98161060000001]"
150,MORRIS AVE,TAYLOR ST,20131798,2,0,1,0,0,0,,N,1,1,1,1,11/3/2013,11:06 AM,N,SE,2013,Y,1031,intersection of MORRIS AVE and TAYLOR ST,"[40.4757789, -89.0064842]"
151,GRIDLEY ST,OAKLAND AVE,20132084,2,0,0,0,0,100,E,N,2,2,2,1,12/19/2013,4:45 PM,N,N,2013,N,241,intersection of GRIDLEY ST and OAKLAND AVE,"[40.4737946, -88.98983249999999]"
152,MCCLUN ST,OLIVE ST,20132087,2,0,0,0,0,60,S,N,99,1,1,2,12/19/2013,7:20 PM,N,N,2013,N,1202,intersection of MCCLUN ST and OLIVE ST,"[40.6331249, -89.3985283]"
153,GRIDLEY ST,TAYLOR ST,20132148,2,0,0,0,0,100,E,N,2,2,1,2,12/25/2013,5:00 PM,N,N,2013,N,1137,intersection of GRIDLEY ST and TAYLOR ST,"[40.4762402, -88.9899255]"
154,EASTHOLME AVE,EMPIRE ST,20140006,2,0,0,0,0,0,,Y,99,2,1,2,1/3/2014,3:15 PM,N,N,2014,Y,669,intersection of EASTHOLME AVE and EMPIRE ST,"[40.48831819999999, -88.9803274]"
155,PROSPECT RD,ELDORADO RD SOUTH,20140017,2,0,0,0,0,60,E,Y,1,1,1,1,1/4/2014,7:30 PM,NE,SE,2014,N,471,intersection of PROSPECT RD and ELDORADO RD SOUTH,"[40.4742158, -88.9502491]"
156,MAIN ST,R T DUNN DR,20140201,2,0,0,0,0,0,,N,1,1,1,1,1/30/2014,4:30 PM,S,S,2014,Y,1578,intersection of MAIN ST and R T DUNN DR,"[40.4602899, -88.9930053]"
157,CLINTON ST,LOCUST ST,14-45717,2,0,0,0,0,0,,Y,1,1,1,1,3/30/2014,11:17 AM,N,E,2014,N,165,intersection of CLINTON ST and LOCUST ST,"[40.4847097, -88.9847165]"
158,PRAIRIE ST,WASHINGTON ST,14-44522,2,0,0,0,0,0,,N,1,3,1,4,4/12/2014,2:54 AM,W,NW,2014,Y,1106,intersection of PRAIRIE ST and WASHINGTON ST,"[40.4796281, -88.9909237]"
159,GRIDLEY ST,OAKLAND AVE,14-40522,2,0,0,0,0,0,,N,3,2,1,1,5/4/2014,12:48 PM,S,W,2014,Y,241,intersection of GRIDLEY ST and OAKLAND AVE,"[40.4737946, -88.98983249999999]"
160,GETTYSBURG DR,ARROWHEAD DR,14-40930,2,1,0,0,0,0,W,N,1,2,6,1,5/20/2014,5:27 PM,N,,2014,Y,297,intersection of GETTYSBURG DR and ARROWHEAD DR,"[40.493327, -88.9454202]"
161,MERCER AVE,VETERANS PKWY,14-47323,2,0,0,1,0,0,E,N,12,3,1,5,5/25/2014,9:35 PM,SW,NE,2014,Y,99,intersection of MERCER AVE and VETERANS PKWY,"[40.6331249, -89.3985283]"
162,MASON ST,FRONT ST,14-42923,2,0,0,1,0,0,N,N,4,2,1,1,5/27/2014,8:55 AM,SW,E,2014,Y,219,intersection of MASON ST and FRONT ST,"[40.4786081, -88.9995325]"
163,MAIN ST,STEWART ST,14-46716,2,0,0,1,0,0,E,N,8,2,1,1,6/3/2014,8:27 AM,E,SW,2014,Y,1553,intersection of MAIN ST and STEWART ST,"[40.4648825, -88.99301969999999]"
164,CATHERINE ST,MARKET ST,14-51114,2,0,0,2,0,100,S,N,1,1,1,1,6/11/2014,4:49 PM,W,S,2014,Y,998,intersection of CATHERINE ST and MARKET ST,"[40.4821786, -89.00327340000001]"
165,ALLIN ST,WALNUT ST,14-45328,2,0,1,0,0,0,,Y,1,1,1,1,6/19/2014,3:52 PM,W,E,2014,N,759,intersection of ALLIN ST and WALNUT ST,"[40.486557, -89.00212239999999]"
166,LANGS ALLEY,JACKSON ST,14-45333,2,0,1,0,0,0,,N,1,1,1,1,7/27/2014,2:50 PM,N,E,2014,Y,1054,intersection of LANGS ALLEY and JACKSON ST,"[40.6331249, -89.3985283]"
167,I A A DR,VERNON AVE,14-52528,2,1,0,0,0,200,W,N,1,1,1,1,8/31/2014,5:23 PM,W,N,2014,N,621,intersection of I A A DR and VERNON AVE,"[40.6331249, -89.3985283]"
168,CENTER ST,FRONT ST,14-48550,2,0,0,0,0,0,,N,1,3,1,1,9/8/2014,2:40 PM,S,W,2014,Y,1112,intersection of CENTER ST and FRONT ST,"[40.4786666, -88.99550070000001]"
169,EAST ST,FRONT ST,14-46332,2,0,1,0,0,0,,N,1,3,1,5,9/26/2014,7:48 PM,W,N,2014,Y,1110,intersection of EAST ST and FRONT ST,"[40.47872230000001, -88.9926296]"
170,CENTER ST,EMERSON ST,14-40766,2,0,0,1,0,0,,N,4,3,1,1,9/29/2014,2:00 PM,S,E,2014,Y,720,intersection of CENTER ST and EMERSON ST,"[40.4933798, -88.9951559]"
171,ROBINSON ST,OAKLAND AVE,14-44570,2,0,1,0,0,0,,N,1,2,1,1,10/17/2014,11:32 AM,E,S,2014,Y,266,intersection of ROBINSON ST and OAKLAND AVE,"[40.4740842, -88.98258179999999]"
172,OAK ST,MONROE ST,14-47370,2,1,0,0,0,0,,N,99,99,1,1,11/11/2014,3:38 PM,W,,2014,N,1081,intersection of OAK ST and MONROE ST,"[40.4811839, -88.99859500000001]"
173,KENNETH DR,LISA DR,14-49940,2,0,1,0,0,5,W,N,4,2,1,1,12/9/2014,2:15 PM,NE,N,2014,Y,359,intersection of KENNETH DR and LISA DR,"[40.4967857, -88.9282825]"
174,CENTER ST,MARKET ST,14-42954,2,0,1,0,0,0,,N,99,3,1,1,9/23/2014,8:01 AM,,S,2014,Y,1076,intersection of CENTER ST and MARKET ST,"[40.4823471, -88.99473619999999]"
175,LOW ST,BISSELL ST,15-45940,2,0,0,0,0,0,,N,15,4,1,1,3/30/2015,3:15 PM,W,N,2015,N,1512,intersection of LOW ST and BISSELL ST,"[40.4673879, -88.9995534]"
176,MAIN ST,EMPIRE ST,15-61714,2,0,1,0,0,0,,N,1,3,1,1,4/8/2015,4:48 PM,E,N,2015,Y,183,intersection of MAIN ST and EMPIRE ST,"[40.4881458, -88.9940067]"
177,MAIN ST,OLIVE ST,15-56337,2,0,0,1,0,0,,N,3,3,1,5,4/18/2015,5:00 AM,E,W,2015,Y,1127,intersection of MAIN ST and OLIVE ST,"[40.4770829, -88.9932098]"
178,ALLIN ST,JEFFERSON ST,15-56344,2,0,0,0,0,0,,N,1,1,1,1,5/6/2015,6:10 PM,W,N,2015,Y,1005,intersection of ALLIN ST and JEFFERSON ST,"[40.48027889999999, -89.00170609999999]"
